,datedim,vehicle_name,port_name,vehicle_type,eva_name,eva_type,eva_accuracy,event
0,1/1/2022,,,,,,,
1,1/2/2022,,,,,,,
2,1/3/2022,,,,,,,
3,1/4/2022,,,,,,,
4,1/5/2022,,,,,,,
5,1/6/2022,,,,,,,
6,1/7/2022,,,,,,,
7,1/8/2022,,,,,,,
8,1/9/2022,,,,,,,
9,1/10/2022,,,,,,,
10,1/11/2022,,,,,,,
11,1/12/2022,,,,,,,
12,1/13/2022,,,,,,,
13,1/14/2022,,,,,,,
14,1/15/2022,,,,,,,
15,1/16/2022,,,,,,,
16,1/17/2022,,,,,,,
17,1/18/2022,,,,,,,
18,1/19/2022,,,,R-51,RS,Actual,EVA
19,1/20/2022,,,,,,,
20,1/21/2022,,,,,,,
21,1/22/2022,,,,,,,
22,1/23/2022,SpX-24,N2 Zenith,Cargo Dragon,,,,Undock
23,1/24/2022,SpX-24,N2 Zenith,Cargo Dragon,,,,Landing
24,1/25/2022,,,,,,,
25,1/26/2022,,,,,,,
26,1/27/2022,,,,,,,
27,1/28/2022,,,,,,,
28,1/29/2022,,,,,,,
29,1/30/2022,,,,,,,
30,1/31/2022,,,,,,,
31,2/1/2022,,,,,,,
32,2/2/2022,,,,,,,
33,2/3/2022,,,,,,,
34,2/4/2022,,,,,,,
35,2/5/2022,,,,,,,
36,2/6/2022,,,,,,,
37,2/7/2022,,,,,,,
38,2/8/2022,,,,,,,
39,2/9/2022,,,,,,,
40,2/10/2022,,,,,,,
41,2/11/2022,,,,,,,
42,2/12/2022,,,,,,,
43,2/13/2022,,,,,,,
44,2/14/2022,,,,,,,
45,2/15/2022,80Progress,MRM2 / SM Zenith,Progress,,,,Launch
46,2/16/2022,,,,,,,
47,2/17/2022,80Progress,MRM2 / SM Zenith,Progress,,,,Dock
48,2/18/2022,,,,,,,
49,2/19/2022,NG-17,N1 Nadir,CRS2 Cygnus,,,,Launch
50,2/20/2022,,,,,,,
51,2/21/2022,NG-17,N1 Nadir,CRS2 Cygnus,,,,Dock
52,2/22/2022,,,,,,,
53,2/23/2022,,,,,,,
54,2/24/2022,,,,,,,
55,2/25/2022,,,,,,,
56,2/26/2022,,,,,,,
57,2/27/2022,,,,,,,
58,2/28/2022,,,,,,,
59,3/1/2022,,,,,,,
60,3/2/2022,,,,,,,
61,3/3/2022,,,,,,,
62,3/4/2022,,,,,,,
63,3/5/2022,,,,,,,
64,3/6/2022,,,,,,,
65,3/7/2022,,,,,,,
66,3/8/2022,,,,,,,
67,3/9/2022,,,,,,,
68,3/10/2022,,,,,,,
69,3/11/2022,,,,,,,
70,3/12/2022,,,,,,,
71,3/13/2022,,,,,,,
72,3/14/2022,,,,,,,
73,3/15/2022,,,,U-79 (IROSA Prep 3A),US,Actual,EVA
74,3/16/2022,,,,,,,
75,3/17/2022,,,,,,,
76,3/18/2022,67Soyuz,NM,Soyuz,,,,Dock
77,3/19/2022,,,,,,,
78,3/20/2022,,,,,,,
79,3/21/2022,,,,,,,
80,3/22/2022,,,,,,,
81,3/23/2022,,,,U-80 (RBVM Jumper),US,Actual,EVA
82,3/24/2022,,,,,,,
83,3/25/2022,,,,,,,
84,3/26/2022,,,,,,,
85,3/27/2022,,,,,,,
86,3/28/2022,,,,,,,
87,3/29/2022,,,,,,,
88,3/30/2022,65Soyuz,MRM1 / FGB Nadir,Soyuz,,,,Undock
89,3/31/2022,,,,,,,
90,4/1/2022,,,,,,,
91,4/2/2022,,,,,,,
92,4/3/2022,,,,,,,
93,4/4/2022,,,,,,,
94,4/5/2022,,,,,,,
95,4/6/2022,,,,,,,
96,4/7/2022,,,,,,,
97,4/8/2022,Ax-1,N2 Zenith,PAM - SpaceX,,,,Launch
98,4/9/2022,Ax-1,N2 Zenith,PAM - SpaceX,,,,Dock
99,4/10/2022,,,,,,,
100,4/11/2022,,,,,,,
101,4/12/2022,,,,,,,
102,4/13/2022,,,,,,,
103,4/14/2022,,,,,,,
104,4/15/2022,,,,,,,
105,4/16/2022,,,,,,,
106,4/17/2022,,,,,,,
107,4/18/2022,,,,R-52,RS,Actual,EVA
108,4/19/2022,,,,,,,
109,4/20/2022,,,,,,,
110,4/21/2022,,,,,,,
111,4/22/2022,,,,,,,
112,4/23/2022,,,,,,,
113,4/24/2022,,,,,,,
114,4/25/2022,Ax-1,N2 Zenith,PAM - SpaceX,,,,Undock
115,4/26/2022,,,,,,,
116,4/27/2022,Crew-4,N2 Zenith,Crew Dragon,,,,Dock
117,4/28/2022,,,,R-53,RS,Actual,EVA
118,4/29/2022,,,,,,,
119,4/30/2022,,,,,,,
120,5/1/2022,,,,,,,
121,5/2/2022,,,,,,,
122,5/3/2022,,,,,,,
123,5/4/2022,,,,,,,
124,5/5/2022,Crew-3,N2 Fwd / PMA-2,Crew Dragon,,,,Undock
125,5/6/2022,Crew-3,N2 Fwd / PMA-2,Crew Dragon,,,,Landing
126,5/7/2022,,,,,,,
127,5/8/2022,,,,,,,
128,5/9/2022,,,,,,,
129,5/10/2022,,,,,,,
130,5/11/2022,,,,,,,
131,5/12/2022,,,,,,,
132,5/13/2022,,,,,,,
133,5/14/2022,,,,,,,
134,5/15/2022,,,,,,,
135,5/16/2022,,,,,,,
136,5/17/2022,,,,,,,
137,5/18/2022,,,,,,,
138,5/19/2022,Boe-OFT2,N2 Fwd / PMA-2,CST-100 Demo,,,,Launch
139,5/20/2022,,,,U (SpX-25 Config A EVA: IROSA 4A),US,*Estimated,EVA
140,5/21/2022,Boe-OFT2,N2 Fwd / PMA-2,CST-100 Demo,,,,Dock
141,5/22/2022,,,,U (SpX-25 Config A EVA: IROSA 3A),US,*Estimated,EVA
142,5/23/2022,,,,,,,
143,5/24/2022,,,,,,,
144,5/25/2022,Boe-OFT2,N2 Fwd / PMA-2,CST-100 Demo,,,,Undock
145,5/26/2022,,,,,,,
146,5/27/2022,,,,,,,
147,5/28/2022,,,,,,,
148,5/29/2022,,,,,,,
149,5/30/2022,,,,,,,
150,5/31/2022,,,,,,,
151,6/1/2022,79Progress,SM-Aft,Progress,,,,Undock
152,6/2/2022,,,,,,,
153,6/3/2022,81Progress,SM-Aft,Progress,,,,Dock
154,6/4/2022,,,,,,,
155,6/5/2022,,,,,,,
156,6/6/2022,,,,,,,
157,6/7/2022,,,,,,,
158,6/8/2022,,,,,,,
159,6/9/2022,,,,,,,
160,6/10/2022,,,,,,,
161,6/11/2022,,,,,,,
162,6/12/2022,,,,,,,
163,6/13/2022,,,,,,,
164,6/14/2022,,,,,,,
165,6/15/2022,,,,,,,
166,6/16/2022,,,,,,,
167,6/17/2022,,,,,,,
168,6/18/2022,,,,,,,
169,6/19/2022,,,,,,,
170,6/20/2022,,,,,,,
171,6/21/2022,,,,,,,
172,6/22/2022,,,,,,,
173,6/23/2022,,,,,,,
174,6/24/2022,,,,,,,
175,6/25/2022,,,,,,,
176,6/26/2022,,,,,,,
177,6/27/2022,,,,,,,
178,6/28/2022,NG-17,N1 Nadir,CRS2 Cygnus,,,,Undock
179,6/29/2022,NG-17,N1 Nadir,CRS2 Cygnus,,,,Landing
180,6/30/2022,,,,,,,
181,7/1/2022,,,,,,,
182,7/2/2022,,,,,,,
183,7/3/2022,,,,,,,
184,7/4/2022,,,,,,,
185,7/5/2022,,,,,,,
186,7/6/2022,,,,,,,
187,7/7/2022,,,,,,,
188,7/8/2022,,,,,,,
189,7/9/2022,,,,,,,
190,7/10/2022,,,,,,,
191,7/11/2022,,,,,,,
192,7/12/2022,,,,,,,
193,7/13/2022,,,,,,,
194,7/14/2022,,,,,,,
195,7/15/2022,SpX-25,N2 Fwd / PMA-2,Cargo Dragon,,,,Launch
196,7/16/2022,SpX-25,N2 Fwd / PMA-2,Cargo Dragon,,,,Dock
197,7/17/2022,,,,,,,
198,7/18/2022,,,,,,,
199,7/19/2022,,,,,,,
200,7/20/2022,,,,,,,
201,7/21/2022,,,,R-ESA,RS,Actual,EVA
202,7/22/2022,,,,,,,
203,7/23/2022,,,,,,,
204,7/24/2022,,,,,,,
205,7/25/2022,,,,,,,
206,7/26/2022,,,,,,,
207,7/27/2022,,,,,,,
208,7/28/2022,,,,,,,
209,7/29/2022,,,,,,,
210,7/30/2022,,,,,,,
211,7/31/2022,,,,,,,
212,8/1/2022,,,,,,,
213,8/2/2022,,,,,,,
214,8/3/2022,,,,,,,
215,8/4/2022,,,,,,,
216,8/5/2022,,,,,,,
217,8/6/2022,,,,,,,
218,8/7/2022,,,,,,,
219,8/8/2022,,,,,,,
220,8/9/2022,,,,,,,
221,8/10/2022,,,,,,,
222,8/11/2022,,,,,,,
223,8/12/2022,,,,,,,
224,8/13/2022,,,,,,,
225,8/14/2022,,,,,,,
226,8/15/2022,,,,,,,
227,8/16/2022,,,,,,,
228,8/17/2022,,,,R-54,RS,Actual,EVA
229,8/18/2022,,,,,,,
230,8/19/2022,SpX-25,N2 Fwd / PMA-2,Cargo Dragon,,,,Undock
231,8/20/2022,SpX-25,N2 Fwd / PMA-2,Cargo Dragon,,,,Landing
232,8/21/2022,,,,,,,
233,8/22/2022,,,,,,,
234,8/23/2022,,,,,,,
235,8/24/2022,,,,,,,
236,8/25/2022,,,,,,,
237,8/26/2022,,,,,,,
238,8/27/2022,,,,,,,
239,8/28/2022,,,,,,,
240,8/29/2022,,,,,,,
241,8/30/2022,,,,,,,
242,8/31/2022,,,,,,,
243,9/1/2022,,,,,,,
244,9/2/2022,,,,R-54A,RS,Actual,EVA
245,9/3/2022,,,,,,,
246,9/4/2022,,,,,,,
247,9/5/2022,,,,,,,
248,9/6/2022,,,,,,,
249,9/7/2022,,,,,,,
250,9/8/2022,,,,,,,
251,9/9/2022,,,,,,,
252,9/10/2022,,,,,,,
253,9/11/2022,,,,,,,
254,9/12/2022,,,,,,,
255,9/13/2022,,,,,,,
256,9/14/2022,,,,,,,
257,9/15/2022,,,,,,,
258,9/16/2022,,,,,,,
259,9/17/2022,,,,,,,
260,9/18/2022,,,,,,,
261,9/19/2022,,,,,,,
262,9/20/2022,,,,,,,
263,9/21/2022,68Soyuz,MRM1 / FGB Nadir,Soyuz,,,,Dock
264,9/22/2022,,,,,,,
265,9/23/2022,,,,,,,
266,9/24/2022,,,,,,,
267,9/25/2022,,,,,,,
268,9/26/2022,,,,,,,
269,9/27/2022,,,,,,,
270,9/28/2022,,,,,,,
271,9/29/2022,67Soyuz,NM,Soyuz,,,,Undock
272,9/30/2022,,,,,,,
273,10/1/2022,,,,,,,
274,10/2/2022,,,,,,,
275,10/3/2022,,,,,,,
276,10/4/2022,,,,,,,
277,10/5/2022,Crew-5,N2 Fwd / PMA-2,Crew Dragon,,,,Launch
278,10/6/2022,Crew-5,N2 Fwd / PMA-2,Crew Dragon,,,,Dock
279,10/7/2022,,,,,,,
280,10/8/2022,,,,,,,
281,10/9/2022,,,,,,,
282,10/10/2022,,,,,,,
283,10/11/2022,,,,,,,
284,10/12/2022,,,,,,,
285,10/13/2022,,,,,,,
286,10/14/2022,Crew-4,N2 Zenith,Crew Dragon,,,,Undock
287,10/15/2022,,,,,,,
288,10/16/2022,,,,,,,
289,10/17/2022,,,,,,,
290,10/18/2022,,,,,,,
291,10/19/2022,,,,,,,
292,10/20/2022,,,,,,,
293,10/21/2022,,,,,,,
294,10/22/2022,,,,,,,
295,10/23/2022,80Progress,MRM2 / SM Zenith,Progress,,,,Undock
296,10/24/2022,80Progress,MRM2 / SM Zenith,Progress,,,,Landing
297,10/25/2022,,,,,,,
298,10/26/2022,82Progress,MRM2 / SM Zenith,Progress,,,,Launch
299,10/27/2022,,,,,,,
300,10/28/2022,82Progress,MRM2 / SM Zenith,Progress,,,,Dock
301,10/29/2022,,,,,,,
302,10/30/2022,,,,,,,
303,10/31/2022,,,,,,,
304,11/1/2022,,,,,,,
305,11/2/2022,,,,,,,
306,11/3/2022,,,,,,,
307,11/4/2022,,,,,,,
308,11/5/2022,,,,,,,
309,11/6/2022,,,,,,,
310,11/7/2022,NG-18,N1 Nadir,CRS2 Cygnus,,,,Launch
311,11/8/2022,,,,,,,
312,11/9/2022,NG-18,N1 Nadir,CRS2 Cygnus,,,,Dock
313,11/10/2022,,,,,,,
314,11/11/2022,,,,,,,
315,11/12/2022,,,,,,,
316,11/13/2022,,,,,,,
317,11/14/2022,,,,,,,
318,11/15/2022,,,,U-81 (IROSA Prep 1B),US,Actual,EVA
319,11/16/2022,,,,,,,
320,11/17/2022,,,,R-55,RS,Actual,EVA
321,11/18/2022,,,,,,,
322,11/19/2022,,,,,,,
323,11/20/2022,,,,,,,
324,11/21/2022,,,,,,,
325,11/22/2022,,,,,,,
326,11/23/2022,,,,,,,
327,11/24/2022,,,,,,,
328,11/25/2022,,,,,,,
329,11/26/2022,SpX-26,N2 Zenith,Cargo Dragon,,,,Launch
330,11/27/2022,SpX-26,N2 Zenith,Cargo Dragon,,,,Dock
331,11/28/2022,,,,,,,
332,11/29/2022,,,,,,,
333,11/30/2022,,,,,,,
334,12/1/2022,,,,,,,
335,12/2/2022,,,,,,,
336,12/3/2022,,,,U-82 (IROSA 3A),US,Actual,EVA
337,12/4/2022,,,,,,,
338,12/5/2022,,,,,,,
339,12/6/2022,,,,,,,
340,12/7/2022,,,,U (December IROSA Contingency),US,Not Needed,EVA
341,12/8/2022,,,,,,,
342,12/9/2022,,,,,,,
343,12/10/2022,,,,,,,
344,12/11/2022,,,,,,,
345,12/12/2022,,,,,,,
346,12/13/2022,,,,,,,
347,12/14/2022,,,,,,,
348,12/15/2022,,,,,,,
349,12/16/2022,,,,,,,
350,12/17/2022,,,,,,,
351,12/18/2022,,,,,,,
352,12/19/2022,,,,,,,
353,12/20/2022,,,,,,,
354,12/21/2022,,,,,,,
355,12/22/2022,,,,U-83 (IROSA 4A),US,Actual,EVA
356,12/23/2022,,,,,,,
357,12/24/2022,,,,,,,
358,12/25/2022,,,,,,,
359,12/26/2022,,,,,,,
360,12/27/2022,,,,,,,
361,12/28/2022,,,,,,,
362,12/29/2022,,,,,,,
363,12/30/2022,,,,,,,
364,12/31/2022,,,,,,,
365,1/1/2023,,,,,,,
366,1/2/2023,,,,,,,
367,1/3/2023,,,,,,,
368,1/4/2023,,,,,,,
369,1/5/2023,,,,,,,
370,1/6/2023,,,,,,,
371,1/7/2023,,,,,,,
372,1/8/2023,,,,,,,
373,1/9/2023,SpX-26,N2 Zenith,Cargo Dragon,,,,Undock
374,1/10/2023,,,,,,,
375,1/11/2023,SpX-26,N2 Zenith,Cargo Dragon,,,,Landing
376,1/12/2023,,,,,,,
377,1/13/2023,,,,,,,
378,1/14/2023,,,,,,,
379,1/15/2023,,,,,,,
380,1/16/2023,,,,,,,
381,1/17/2023,,,,,,,
382,1/18/2023,,,,,,,
383,1/19/2023,,,,,,,
384,1/20/2023,,,,U-84 (IROSA Prep 1A),US,Actual,EVA
385,1/21/2023,,,,,,,
386,1/22/2023,,,,,,,
387,1/23/2023,,,,U (P1 SASA R&R II),US,Not Needed,EVA
388,1/24/2023,,,,,,,
389,1/25/2023,,,,,,,
390,1/26/2023,,,,,,,
391,1/27/2023,,,,,,,
392,1/28/2023,,,,,,,
393,1/29/2023,,,,,,,
394,1/30/2023,,,,,,,
395,1/31/2023,,,,,,,
396,2/1/2023,,,,,,,
397,2/2/2023,,,,U-85 (IROSA Prep 1A Troubleshooting),US,Actual,EVA
398,2/3/2023,,,,,,,
399,2/4/2023,,,,,,,
400,2/5/2023,,,,,,,
401,2/6/2023,,,,,,,
402,2/7/2023,81Progress,SM-Aft,Progress,,,,Undock
403,2/8/2023,,,,,,,
404,2/9/2023,83Progress,SM-Aft,Progress,,,,Launch
405,2/10/2023,,,,,,,
406,2/11/2023,83Progress,SM-Aft,Progress,,,,Dock
407,2/12/2023,,,,,,,
408,2/13/2023,,,,,,,
409,2/14/2023,,,,,,,
410,2/15/2023,,,,,,,
411,2/16/2023,,,,,,,
412,2/17/2023,,,,,,,
413,2/18/2023,82Progress,MRM2 / SM Zenith,Progress,,,,Undock
414,2/19/2023,,,,,,,
415,2/20/2023,,,,,,,
416,2/21/2023,,,,,,,
417,2/22/2023,,,,,,,
418,2/23/2023,,,,,,,
419,2/24/2023,69Soyuz,MRM2 / SM Zenith,Soyuz,,,,Launch
420,2/25/2023,,,,,,,
421,2/26/2023,69Soyuz,MRM2 / SM Zenith,Soyuz,,,,Dock
422,2/27/2023,,,,,,,
423,2/28/2023,,,,,,,
424,3/1/2023,,,,,,,
425,3/2/2023,Crew-6,N2 Zenith,Crew Dragon,,,,Launch
426,3/3/2023,Crew-6,N2 Zenith,Crew Dragon,,,,Dock
427,3/4/2023,,,,,,,
428,3/5/2023,,,,,,,
429,3/6/2023,,,,,,,
430,3/7/2023,,,,,,,
431,3/8/2023,,,,,,,
432,3/9/2023,,,,,,,
433,3/10/2023,,,,,,,
434,3/11/2023,Crew-5,N2 Fwd / PMA-2,Crew Dragon,,,,Undock
435,3/12/2023,Crew-5,N2 Fwd / PMA-2,Crew Dragon,,,,Landing
436,3/13/2023,,,,,,,
437,3/14/2023,,,,,,,
438,3/15/2023,SpX-27,N2 Fwd / PMA-2,Cargo Dragon,,,,Launch
439,3/16/2023,SpX-27,N2 Fwd / PMA-2,Cargo Dragon,,,,Dock
440,3/17/2023,,,,,,,
441,3/18/2023,,,,,,,
442,3/19/2023,,,,,,,
443,3/20/2023,,,,,,,
444,3/21/2023,,,,,,,
445,3/22/2023,,,,,,,
446,3/23/2023,,,,,,,
447,3/24/2023,,,,,,,
448,3/25/2023,,,,,,,
449,3/26/2023,,,,,,,
450,3/27/2023,,,,,,,
451,3/28/2023,68Soyuz,MRM1 / FGB Nadir,Soyuz,,,,Undock
452,3/29/2023,,,,,,,
453,3/30/2023,,,,,,,
454,3/31/2023,,,,,,,
455,4/1/2023,,,,,,,
456,4/2/2023,,,,,,,
457,4/3/2023,,,,,,,
458,4/4/2023,,,,,,,
459,4/5/2023,,,,,,,
460,4/6/2023,69Soyuz,MRM2 / SM Zenith,Soyuz,,,,Relocate 1
461,4/7/2023,,,,,,,
462,4/8/2023,,,,,,,
463,4/9/2023,,,,,,,
464,4/10/2023,,,,,,,
465,4/11/2023,,,,,,,
466,4/12/2023,,,,,,,
467,4/13/2023,,,,,,,
468,4/14/2023,,,,,,,
469,4/15/2023,SpX-27,N2 Fwd / PMA-2,Cargo Dragon,,,,Undock
470,4/16/2023,,,,,,,
471,4/17/2023,,,,,,,
472,4/18/2023,,,,,,,
473,4/19/2023,,,,R-56,RS,Actual,EVA
474,4/20/2023,,,,,,,
475,4/21/2023,NG-18,N1 Nadir,CRS2 Cygnus,,,,Undock
476,4/22/2023,,,,,,,
477,4/23/2023,,,,,,,
478,4/24/2023,,,,,,,
479,4/25/2023,,,,,,,
480,4/26/2023,,,,,,,
481,4/27/2023,,,,,,,
482,4/28/2023,,,,U-86 (RFG Retrieval),US,Actual,EVA
483,4/29/2023,,,,,,,
484,4/30/2023,,,,,,,
485,5/1/2023,,,,,,,
486,5/2/2023,,,,,,,
487,5/3/2023,,,,R-57,RS,Actual,EVA
488,5/4/2023,,,,,,,
489,5/5/2023,,,,,,,
490,5/6/2023,Crew-6,N2 Zenith,Crew Dragon,,,,Relocate 1
491,5/7/2023,,,,,,,
492,5/8/2023,,,,,,,
493,5/9/2023,,,,,,,
494,5/10/2023,,,,,,,
495,5/11/2023,,,,,,,
496,5/12/2023,,,,R-58,RS,Actual,EVA
497,5/13/2023,,,,,,,
498,5/14/2023,,,,,,,
499,5/15/2023,,,,,,,
500,5/16/2023,,,,,,,
501,5/17/2023,,,,,,,
502,5/18/2023,,,,,,,
503,5/19/2023,,,,,,,
504,5/20/2023,,,,,,,
505,5/21/2023,Ax-2,N2 Zenith,PAM - SpaceX,,,,Launch
506,5/22/2023,Ax-2,N2 Zenith,PAM - SpaceX,,,,Dock
507,5/23/2023,,,,,,,
508,5/24/2023,84Progress,MRM2 / SM Zenith,Progress,,,,Dock
509,5/25/2023,,,,,,,
510,5/26/2023,,,,,,,
511,5/27/2023,,,,,,,
512,5/28/2023,,,,,,,
513,5/29/2023,,,,,,,
514,5/30/2023,Ax-2,N2 Zenith,PAM - SpaceX,,,,Undock
515,5/31/2023,Ax-2,N2 Zenith,PAM - SpaceX,,,,Landing
516,6/1/2023,,,,,,,
517,6/2/2023,,,,,,,
518,6/3/2023,,,,,,,
519,6/4/2023,,,,,,,
520,6/5/2023,SpX-28,N2 Zenith,Cargo Dragon,,,,Launch
521,6/6/2023,SpX-28,N2 Zenith,Cargo Dragon,,,,Dock
522,6/7/2023,,,,,,,
523,6/8/2023,,,,,,,
524,6/9/2023,,,,U-87 (IROSA 1A),US,Actual,EVA
525,6/10/2023,,,,,,,
526,6/11/2023,,,,,,,
527,6/12/2023,,,,,,,
528,6/13/2023,,,,,,,
529,6/14/2023,,,,,,,
530,6/15/2023,,,,U-88 (IROSA 1B),US,Actual,EVA
531,6/16/2023,,,,,,,
532,6/17/2023,,,,,,,
533,6/18/2023,,,,,,,
534,6/19/2023,,,,U (IROSA 3B),US,*Estimated,EVA
535,6/20/2023,,,,U (IROSA Contingency),US,Not Needed,EVA
536,6/21/2023,,,,,,,
537,6/22/2023,,,,R-59,RS,Actual,EVA
538,6/23/2023,,,,,,,
539,6/24/2023,,,,,,,
540,6/25/2023,,,,,,,
541,6/26/2023,,,,,,,
542,6/27/2023,,,,,,,
543,6/28/2023,,,,,,,
544,6/29/2023,SpX-28,N2 Zenith,Cargo Dragon,,,,Undock
545,6/30/2023,SpX-28,N2 Zenith,Cargo Dragon,,,,Landing
546,7/1/2023,,,,,,,
547,7/2/2023,,,,,,,
548,7/3/2023,,,,,,,
549,7/4/2023,,,,,,,
550,7/5/2023,,,,,,,
551,7/6/2023,,,,,,,
552,7/7/2023,,,,,,,
553,7/8/2023,,,,,,,
554,7/9/2023,,,,,,,
555,7/10/2023,,,,,,,
556,7/11/2023,,,,,,,
557,7/12/2023,,,,,,,
558,7/13/2023,,,,,,,
559,7/14/2023,,,,,,,
560,7/15/2023,,,,U (xEMU ISS Demo - TBD EVAs),US,*Estimated,EVA
561,7/16/2023,,,,,,,
562,7/17/2023,,,,,,,
563,7/18/2023,,,,,,,
564,7/19/2023,,,,,,,
565,7/20/2023,,,,,,,
566,7/21/2023,,,,,,,
567,7/22/2023,,,,,,,
568,7/23/2023,,,,,,,
569,7/24/2023,,,,,,,
570,7/25/2023,,,,,,,
571,7/26/2023,,,,,,,
572,7/27/2023,,,,,,,
573,7/28/2023,,,,,,,
574,7/29/2023,,,,,,,
575,7/30/2023,,,,,,,
576,7/31/2023,,,,,,,
577,8/1/2023,,,,U (IROSA 1B Contingency 1),US,Not Needed,EVA
578,8/2/2023,NG-19,N1 Nadir,CRS2 Cygnus,,,,Launch
579,8/3/2023,,,,U (IROSA 1B Contingency 2),US,Not Needed,EVA
580,8/4/2023,NG-19,N1 Nadir,CRS2 Cygnus,,,,Dock
581,8/5/2023,,,,,,,
582,8/6/2023,,,,,,,
583,8/7/2023,,,,,,,
584,8/8/2023,,,,,,,
585,8/9/2023,,,,R-60,RS,Actual,EVA
586,8/10/2023,,,,,,,
587,8/11/2023,,,,,,,
588,8/12/2023,,,,,,,
589,8/13/2023,,,,,,,
590,8/14/2023,,,,,,,
591,8/15/2023,,,,,,,
592,8/16/2023,,,,,,,
593,8/17/2023,,,,,,,
594,8/18/2023,,,,,,,
595,8/19/2023,,,,,,,
596,8/20/2023,83Progress,SM-Aft,Progress,,,,Undock
597,8/21/2023,83Progress,SM-Aft,Progress,,,,Landing
598,8/22/2023,,,,,,,
599,8/23/2023,85Progress,SM-Aft,Progress,,,,Launch
600,8/24/2023,,,,,,,
601,8/25/2023,85Progress,SM-Aft,Progress,,,,Dock
602,8/26/2023,Crew-7,N2 Zenith,Crew Dragon,,,,Launch
603,8/27/2023,Crew-7,N2 Zenith,Crew Dragon,,,,Dock
604,8/28/2023,,,,,,,
605,8/29/2023,,,,,,,
606,8/30/2023,,,,,,,
607,8/31/2023,,,,,,,
608,9/1/2023,,,,,,,
609,9/2/2023,,,,,,,
610,9/3/2023,Crew-6,N2 Zenith,Crew Dragon,,,,Undock
611,9/4/2023,Crew-6,N2 Zenith,Crew Dragon,,,,Landing
612,9/5/2023,,,,,,,
613,9/6/2023,,,,,,,
614,9/7/2023,,,,,,,
615,9/8/2023,,,,,,,
616,9/9/2023,,,,,,,
617,9/10/2023,,,,,,,
618,9/11/2023,,,,,,,
619,9/12/2023,,,,,,,
620,9/13/2023,,,,,,,
621,9/14/2023,,,,,,,
622,9/15/2023,70Soyuz,MRM1 / FGB Nadir,Soyuz,,,,Dock
623,9/16/2023,,,,,,,
624,9/17/2023,,,,,,,
625,9/18/2023,,,,,,,
626,9/19/2023,,,,,,,
627,9/20/2023,,,,,,,
628,9/21/2023,,,,,,,
629,9/22/2023,,,,,,,
630,9/23/2023,,,,,,,
631,9/24/2023,,,,,,,
632,9/25/2023,,,,,,,
633,9/26/2023,,,,,,,
634,9/27/2023,69Soyuz,MRM2 / SM Zenith,Soyuz,,,,Undock
635,9/28/2023,,,,,,,
636,9/29/2023,,,,,,,
637,9/30/2023,,,,,,,
638,10/1/2023,,,,,,,
639,10/2/2023,,,,,,,
640,10/3/2023,,,,,,,
641,10/4/2023,,,,,,,
642,10/5/2023,,,,,,,
643,10/6/2023,,,,,,,
644,10/7/2023,,,,,,,
645,10/8/2023,,,,,,,
646,10/9/2023,,,,,,,
647,10/10/2023,,,,,,,
648,10/11/2023,,,,,,,
649,10/12/2023,,,,U (Microorganisms),US,*Estimated,EVA
650,10/13/2023,,,,,,,
651,10/14/2023,,,,,,,
652,10/15/2023,,,,,,,
653,10/16/2023,,,,,,,
654,10/17/2023,,,,,,,
655,10/18/2023,,,,,,,
656,10/19/2023,,,,U (RFG Retrieval - Part 2),US,*Estimated,EVA
657,10/20/2023,,,,,,,
658,10/21/2023,,,,,,,
659,10/22/2023,,,,,,,
660,10/23/2023,,,,,,,
661,10/24/2023,,,,,,,
662,10/25/2023,,,,R-61,RS,Planned,EVA
663,10/26/2023,,,,,,,
664,10/27/2023,,,,,,,
665,10/28/2023,,,,,,,
666,10/29/2023,,,,,,,
667,10/30/2023,NG-19,N1 Nadir,CRS2 Cygnus,,,,Undock
668,10/31/2023,,,,,,,
669,11/1/2023,SpX-29,N2 Fwd / PMA-2,Cargo Dragon,,,,Launch
670,11/2/2023,SpX-29,N2 Fwd / PMA-2,Cargo Dragon,,,,Dock
671,11/3/2023,,,,,,,
672,11/4/2023,,,,,,,
673,11/5/2023,,,,,,,
674,11/6/2023,,,,,,,
675,11/7/2023,,,,,,,
676,11/8/2023,,,,,,,
677,11/9/2023,,,,,,,
678,11/10/2023,,,,,,,
679,11/11/2023,,,,,,,
680,11/12/2023,,,,,,,
681,11/13/2023,,,,,,,
682,11/14/2023,,,,,,,
683,11/15/2023,,,,,,,
684,11/16/2023,,,,,,,
685,11/17/2023,,,,,,,
686,11/18/2023,,,,,,,
687,11/19/2023,,,,,,,
688,11/20/2023,,,,,,,
689,11/21/2023,,,,,,,
690,11/22/2023,,,,,,,
691,11/23/2023,,,,,,,
692,11/24/2023,,,,,,,
693,11/25/2023,,,,,,,
694,11/26/2023,,,,,,,
695,11/27/2023,,,,,,,
696,11/28/2023,,,,,,,
697,11/29/2023,84Progress,MRM2 / SM Zenith,Progress,,,,Undock
698,11/30/2023,,,,,,,
699,12/1/2023,86Progress,MRM2 / SM Zenith,Progress,,,,Dock
700,12/2/2023,SpX-29,N2 Fwd / PMA-2,Cargo Dragon,,,,Undock
701,12/3/2023,,,,,,,
702,12/4/2023,,,,,,,
703,12/5/2023,,,,,,,
704,12/6/2023,,,,,,,
705,12/7/2023,,,,,,,
706,12/8/2023,,,,,,,
707,12/9/2023,,,,,,,
708,12/10/2023,,,,,,,
709,12/11/2023,,,,,,,
710,12/12/2023,,,,,,,
711,12/13/2023,,,,,,,
712,12/14/2023,,,,,,,
713,12/15/2023,,,,,,,
714,12/16/2023,,,,,,,
715,12/17/2023,,,,,,,
716,12/18/2023,,,,,,,
717,12/19/2023,,,,,,,
718,12/20/2023,,,,,,,
719,12/21/2023,,,,,,,
720,12/22/2023,,,,,,,
721,12/23/2023,,,,,,,
722,12/24/2023,,,,,,,
723,12/25/2023,,,,,,,
724,12/26/2023,,,,,,,
725,12/27/2023,,,,,,,
726,12/28/2023,,,,,,,
727,12/29/2023,,,,,,,
728,12/30/2023,,,,,,,
729,12/31/2023,,,,,,,
730,1/1/2024,,,,,,,
731,1/2/2024,,,,,,,
732,1/3/2024,,,,,,,
733,1/4/2024,,,,,,,
734,1/5/2024,,,,,,,
735,1/6/2024,,,,,,,
736,1/7/2024,,,,,,,
737,1/8/2024,,,,,,,
738,1/9/2024,,,,,,,
739,1/10/2024,Ax-3,N2 Fwd / PMA-2,PAM - SpaceX,,,,Launch
740,1/11/2024,Ax-3,N2 Fwd / PMA-2,PAM - SpaceX,,,,Dock
741,1/12/2024,,,,,,,
742,1/13/2024,,,,,,,
743,1/14/2024,,,,,,,
744,1/15/2024,,,,,,,
745,1/16/2024,,,,,,,
746,1/17/2024,DCC-1,N2 Nadir,Dream Chaser,,,,Launch
747,1/18/2024,,,,,,,
748,1/19/2024,,,,,,,
749,1/20/2024,,,,,,,
750,1/21/2024,DCC-1,N2 Nadir,Dream Chaser,,,,Dock
751,1/22/2024,,,,,,,
752,1/23/2024,,,,,,,
753,1/24/2024,,,,,,,
754,1/25/2024,Ax-3,N2 Fwd / PMA-2,PAM - SpaceX,,,,Undock
755,1/26/2024,,,,,,,
756,1/27/2024,,,,,,,
757,1/28/2024,,,,,,,
758,1/29/2024,NG-20,N1 Nadir,CRS2 Cygnus,,,,Launch
759,1/30/2024,,,,,,,
760,1/31/2024,NG-20,N1 Nadir,CRS2 Cygnus,,,,Dock
761,2/1/2024,,,,,,,
762,2/2/2024,,,,,,,
763,2/3/2024,Crew-7,N2 Zenith,Crew Dragon,,,,Relocate 1
764,2/4/2024,,,,,,,
765,2/5/2024,,,,,,,
766,2/6/2024,,,,,,,
767,2/7/2024,,,,,,,
768,2/8/2024,,,,,,,
769,2/9/2024,,,,,,,
770,2/10/2024,,,,,,,
771,2/11/2024,,,,,,,
772,2/12/2024,,,,,,,
773,2/13/2024,85Progress,SM-Aft,Progress,,,,Undock
774,2/14/2024,,,,,,,
775,2/15/2024,87Progress,SM-Aft,Progress,,,,Launch
776,2/16/2024,,,,,,,
777,2/17/2024,87Progress,SM-Aft,Progress,,,,Dock
778,2/18/2024,Crew-8,N2 Zenith,Crew Dragon,,,,Launch
779,2/19/2024,Crew-8,N2 Zenith,Crew Dragon,,,,Dock
780,2/20/2024,,,,,,,
781,2/21/2024,,,,,,,
782,2/22/2024,,,,,,,
783,2/23/2024,,,,,,,
784,2/24/2024,,,,,,,
785,2/25/2024,Crew-7,N2 Zenith,Crew Dragon,,,,Undock
786,2/26/2024,,,,,,,
787,2/27/2024,,,,,,,
788,2/28/2024,,,,,,,
789,2/29/2024,,,,,,,
790,3/1/2024,,,,,,,
791,3/2/2024,,,,,,,
792,3/3/2024,,,,,,,
793,3/4/2024,SpX-30,N2 Fwd / PMA-2,Cargo Dragon,,,,Launch
794,3/5/2024,SpX-30,N2 Fwd / PMA-2,Cargo Dragon,,,,Dock
795,3/6/2024,DCC-1,N2 Nadir,Dream Chaser,,,,Undock
796,3/7/2024,,,,,,,
797,3/8/2024,,,,,,,
798,3/9/2024,,,,,,,
799,3/10/2024,,,,,,,
800,3/11/2024,,,,,,,
801,3/12/2024,,,,,,,
802,3/13/2024,71Soyuz,NM,Soyuz,,,,Dock
803,3/14/2024,,,,,,,
804,3/15/2024,,,,,,,
805,3/16/2024,,,,,,,
806,3/17/2024,,,,,,,
807,3/18/2024,,,,,,,
808,3/19/2024,,,,,,,
809,3/20/2024,,,,,,,
810,3/21/2024,,,,,,,
811,3/22/2024,,,,,,,
812,3/23/2024,,,,,,,
813,3/24/2024,,,,,,,
814,3/25/2024,70Soyuz,MRM1 / FGB Nadir,Soyuz,,,,Undock
815,3/26/2024,,,,,,,
816,3/27/2024,,,,,,,
817,3/28/2024,,,,,,,
818,3/29/2024,,,,,,,
819,3/30/2024,,,,,,,
820,3/31/2024,,,,,,,
821,4/1/2024,,,,,,,
822,4/2/2024,,,,,,,
823,4/3/2024,,,,,,,
824,4/4/2024,SpX-30,N2 Fwd / PMA-2,Cargo Dragon,,,,Undock
825,4/5/2024,,,,,,,
826,4/6/2024,,,,,,,
827,4/7/2024,,,,,,,
828,4/8/2024,,,,,,,
829,4/9/2024,,,,,,,
830,4/10/2024,,,,,,,
831,4/11/2024,Boe-CFT,N2 Fwd / PMA-2,CST-100 Demo,,,,Launch
832,4/12/2024,Boe-CFT,N2 Fwd / PMA-2,CST-100 Demo,,,,Dock
833,4/13/2024,,,,,,,
834,4/14/2024,,,,,,,
835,4/15/2024,,,,R-62,RS,*Estimated,EVA
836,4/16/2024,,,,,,,
837,4/17/2024,,,,,,,
838,4/18/2024,,,,,,,
839,4/19/2024,,,,,,,
840,4/20/2024,Boe-CFT,N2 Fwd / PMA-2,CST-100 Demo,,,,Undock
841,4/21/2024,,,,,,,
842,4/22/2024,,,,,,,
843,4/23/2024,,,,,,,
844,4/24/2024,,,,,,,
845,4/25/2024,,,,,,,
846,4/26/2024,,,,,,,
847,4/27/2024,,,,,,,
848,4/28/2024,,,,,,,
849,4/29/2024,,,,,,,
850,4/30/2024,,,,,,,
851,5/1/2024,HTV-X1,N2 Nadir,HTV-X,,,,Launch
852,5/2/2024,,,,,,,
853,5/3/2024,,,,,,,
854,5/4/2024,HTV-X1,N2 Nadir,HTV-X,,,,Dock
855,5/5/2024,,,,,,,
856,5/6/2024,,,,,,,
857,5/7/2024,,,,,,,
858,5/8/2024,,,,,,,
859,5/9/2024,,,,,,,
860,5/10/2024,NG-20,N1 Nadir,CRS2 Cygnus,,,,Undock
861,5/10/2024,Ax-4,N2 Fwd / PMA-2,PAM - SpaceX,,,,Launch
862,5/11/2024,Ax-4,N2 Fwd / PMA-2,PAM - SpaceX,,,,Dock
863,5/12/2024,,,,,,,
864,5/13/2024,,,,,,,
865,5/14/2024,,,,,,,
866,5/15/2024,,,,,,,
867,5/16/2024,,,,,,,
868,5/17/2024,,,,,,,
869,5/18/2024,,,,,,,
870,5/19/2024,,,,,,,
871,5/20/2024,,,,,,,
872,5/21/2024,,,,,,,
873,5/22/2024,,,,,,,
874,5/23/2024,,,,,,,
875,5/24/2024,,,,,,,
876,5/25/2024,Ax-4,N2 Fwd / PMA-2,PAM - SpaceX,,,,Undock
877,5/26/2024,,,,,,,
878,5/27/2024,,,,,,,
879,5/28/2024,,,,,,,
880,5/29/2024,,,,,,,
881,5/30/2024,86Progress,MRM2 / SM Zenith,Progress,,,,Undock
882,5/31/2024,88Progress,MRM2 / SM Zenith,Progress,,,,Launch
883,6/1/2024,,,,,,,
884,6/2/2024,88Progress,MRM2 / SM Zenith,Progress,,,,Dock
885,6/3/2024,,,,,,,
886,6/4/2024,,,,,,,
887,6/5/2024,,,,,,,
888,6/6/2024,,,,,,,
889,6/7/2024,,,,,,,
890,6/8/2024,,,,,,,
891,6/9/2024,,,,,,,
892,6/10/2024,,,,,,,
893,6/11/2024,,,,,,,
894,6/12/2024,,,,,,,
895,6/13/2024,,,,,,,
896,6/14/2024,,,,,,,
897,6/15/2024,,,,,,,
898,6/16/2024,,,,,,,
899,6/17/2024,,,,,,,
900,6/18/2024,,,,,,,
901,6/19/2024,,,,,,,
902,6/20/2024,,,,,,,
903,6/21/2024,,,,,,,
904,6/22/2024,,,,,,,
905,6/23/2024,,,,,,,
906,6/24/2024,,,,,,,
907,6/25/2024,,,,,,,
908,6/26/2024,,,,,,,
909,6/27/2024,,,,,,,
910,6/28/2024,,,,,,,
911,6/29/2024,,,,,,,
912,6/30/2024,SpX-31,N2 Fwd / PMA-2,Cargo Dragon,,,,Launch
913,7/1/2024,SpX-31,N2 Fwd / PMA-2,Cargo Dragon,,,,Dock
914,7/2/2024,,,,,,,
915,7/3/2024,,,,,,,
916,7/4/2024,,,,,,,
917,7/5/2024,,,,,,,
918,7/6/2024,,,,,,,
919,7/7/2024,,,,,,,
920,7/8/2024,,,,,,,
921,7/9/2024,,,,,,,
922,7/10/2024,,,,,,,
923,7/11/2024,,,,,,,
924,7/12/2024,,,,,,,
925,7/13/2024,,,,,,,
926,7/14/2024,,,,,,,
927,7/15/2024,,,,,,,
928,7/16/2024,,,,U (IROSA Prep 2A),US,*Estimated,EVA
929,7/17/2024,,,,,,,
930,7/18/2024,,,,,,,
931,7/19/2024,,,,U (IROSA Prep 3B),US,*Estimated,EVA
932,7/20/2024,,,,,,,
933,7/21/2024,,,,,,,
934,7/22/2024,,,,,,,
935,7/23/2024,,,,,,,
936,7/24/2024,,,,,,,
937,7/25/2024,,,,,,,
938,7/26/2024,,,,,,,
939,7/27/2024,,,,,,,
940,7/28/2024,,,,,,,
941,7/29/2024,,,,,,,
942,7/30/2024,,,,,,,
943,7/31/2024,,,,,,,
944,8/1/2024,SpX-31,N2 Fwd / PMA-2,Cargo Dragon,,,,Undock
945,8/2/2024,,,,,,,
946,8/3/2024,,,,,,,
947,8/4/2024,USCV-9,N2 Fwd / PMA-2,USCV,,,,Launch
948,8/5/2024,USCV-9,N2 Fwd / PMA-2,USCV,,,,Dock
949,8/6/2024,,,,,,,
950,8/7/2024,,,,,,,
951,8/8/2024,,,,,,,
952,8/9/2024,,,,,,,
953,8/10/2024,,,,,,,
954,8/11/2024,Crew-8,N2 Zenith,Crew Dragon,,,,Undock
955,8/12/2024,,,,,,,
956,8/13/2024,,,,,,,
957,8/14/2024,,,,,,,
958,8/15/2024,,,,,,,
959,8/16/2024,,,,,,,
960,8/17/2024,87Progress,SM-Aft,Progress,,,,Undock
961,8/18/2024,,,,,,,
962,8/19/2024,89Progress,SM-Aft,Progress,,,,Launch
963,8/20/2024,,,,,,,
964,8/21/2024,89Progress,SM-Aft,Progress,,,,Dock
965,8/22/2024,,,,,,,
966,8/23/2024,,,,,,,
967,8/24/2024,,,,,,,
968,8/25/2024,NG-21,N1 Nadir,CRS2 Cygnus,,,,Launch
969,8/26/2024,,,,,,,
970,8/27/2024,NG-21,N1 Nadir,CRS2 Cygnus,,,,Dock
971,8/28/2024,HTV-X1,N2 Nadir,HTV-X,,,,Relocate 1
972,8/29/2024,HTV-X1,N2 Nadir,HTV-X,,,,Undock
973,8/30/2024,,,,,,,
974,8/31/2024,,,,,,,
975,9/1/2024,,,,,,,
976,9/2/2024,,,,,,,
977,9/3/2024,,,,,,,
978,9/4/2024,,,,,,,
979,9/5/2024,,,,,,,
980,9/6/2024,,,,,,,
981,9/7/2024,,,,,,,
982,9/8/2024,,,,,,,
983,9/9/2024,,,,,,,
984,9/10/2024,72Soyuz,MRM1 / FGB Nadir,Soyuz,,,,Dock
985,9/11/2024,,,,,,,
986,9/12/2024,,,,,,,
987,9/13/2024,,,,,,,
988,9/14/2024,,,,,,,
989,9/15/2024,DCC-2,N2 Nadir,Dream Chaser,,,,Launch
990,9/16/2024,,,,,,,
991,9/17/2024,,,,,,,
992,9/18/2024,,,,,,,
993,9/19/2024,DCC-2,N2 Nadir,Dream Chaser,,,,Dock
994,9/20/2024,71Soyuz,NM,Soyuz,,,,Undock
995,9/21/2024,,,,,,,
996,9/22/2024,,,,,,,
997,9/23/2024,,,,,,,
998,9/24/2024,,,,,,,
999,9/25/2024,,,,,,,
1000,9/26/2024,,,,,,,
1001,9/27/2024,,,,,,,
1002,9/28/2024,,,,,,,
1003,9/29/2024,,,,,,,
1004,9/30/2024,,,,,,,
1005,10/1/2024,,,,,,,
1006,10/2/2024,,,,,,,
1007,10/3/2024,,,,,,,
1008,10/4/2024,,,,,,,
1009,10/5/2024,,,,,,,
1010,10/6/2024,,,,,,,
1011,10/7/2024,,,,,,,
1012,10/8/2024,,,,,,,
1013,10/9/2024,,,,,,,
1014,10/10/2024,,,,,,,
1015,10/11/2024,,,,,,,
1016,10/12/2024,,,,,,,
1017,10/13/2024,,,,,,,
1018,10/14/2024,,,,,,,
1019,10/15/2024,,,,U (AMS Prep),US,*Estimated,EVA
1020,10/16/2024,,,,,,,
1021,10/17/2024,,,,,,,
1022,10/18/2024,,,,,,,
1023,10/19/2024,DCC-2,N2 Nadir,Dream Chaser,,,,Undock
1024,10/20/2024,,,,,,,
1025,10/21/2024,,,,,,,
1026,10/22/2024,,,,,,,
1027,10/23/2024,,,,,,,
1028,10/24/2024,,,,,,,
1029,10/25/2024,,,,,,,
1030,10/26/2024,,,,,,,
1031,10/27/2024,,,,,,,
1032,10/28/2024,,,,,,,
1033,10/29/2024,,,,,,,
1034,10/30/2024,,,,,,,
1035,10/31/2024,,,,,,,
1036,11/1/2024,PAM-5,N2 Zenith,PAM,,,,Launch
1037,11/2/2024,PAM-5,N2 Zenith,PAM,,,,Dock
1038,11/3/2024,,,,,,,
1039,11/4/2024,,,,,,,
1040,11/5/2024,,,,,,,
1041,11/6/2024,,,,,,,
1042,11/7/2024,,,,,,,
1043,11/8/2024,,,,,,,
1044,11/9/2024,,,,,,,
1045,11/10/2024,,,,,,,
1046,11/11/2024,,,,,,,
1047,11/12/2024,,,,,,,
1048,11/13/2024,,,,,,,
1049,11/14/2024,,,,,,,
1050,11/15/2024,,,,,,,
1051,11/16/2024,PAM-5,N2 Zenith,PAM,,,,Undock
1052,11/17/2024,,,,,,,
1053,11/18/2024,,,,,,,
1054,11/19/2024,,,,,,,
1055,11/20/2024,,,,,,,
1056,11/21/2024,,,,,,,
1057,11/22/2024,,,,,,,
1058,11/23/2024,,,,,,,
1059,11/24/2024,,,,,,,
1060,11/25/2024,,,,,,,
1061,11/26/2024,,,,,,,
1062,11/27/2024,,,,,,,
1063,11/28/2024,,,,,,,
1064,11/29/2024,,,,,,,
1065,11/30/2024,,,,,,,
1066,12/1/2024,,,,,,,
1067,12/2/2024,,,,,,,
1068,12/3/2024,HTV-X2,N2 Nadir,HTV-X,,,,Launch
1069,12/4/2024,,,,,,,
1070,12/5/2024,HTV-X2,N2 Nadir,HTV-X,,,,Dock
1071,12/5/2024,88Progress,MRM2 / SM Zenith,Progress,,,,Undock
1072,12/5/2024,NG-21,N1 Nadir,CRS2 Cygnus,,,,Undock
1073,12/6/2024,,,,,,,
1074,12/7/2024,90Progress,MRM2 / SM Zenith,Progress,,,,Launch
1075,12/8/2024,,,,,,,
1076,12/9/2024,90Progress,MRM2 / SM Zenith,Progress,,,,Dock
1077,12/10/2024,,,,,,,
1078,12/11/2024,,,,,,,
1079,12/12/2024,,,,,,,
1080,12/13/2024,,,,,,,
1081,12/14/2024,,,,,,,
1082,12/15/2024,,,,,,,
1083,12/16/2024,,,,,,,
1084,12/17/2024,,,,,,,
1085,12/18/2024,,,,,,,
1086,12/19/2024,,,,,,,
1087,12/20/2024,,,,,,,
1088,12/21/2024,,,,,,,
1089,12/22/2024,,,,,,,
1090,12/23/2024,,,,,,,
1091,12/24/2024,,,,,,,
1092,12/25/2024,,,,,,,
1093,12/26/2024,,,,,,,
1094,12/27/2024,,,,,,,
1095,12/28/2024,,,,,,,
1096,12/29/2024,,,,,,,
1097,12/30/2024,SPM,NM,Module,,,,Launch
1098,12/31/2024,SPM,NM,Module,,,,Dock
1099,12/31/2024,SpX-32,N2 Zenith,Cargo Dragon,,,,Launch
1100,1/1/2025,SpX-32,N2 Zenith,Cargo Dragon,,,,Dock
1101,1/2/2025,,,,,,,
1102,1/3/2025,,,,,,,
1103,1/4/2025,,,,,,,
1104,1/5/2025,,,,,,,
1105,1/6/2025,,,,,,,
1106,1/7/2025,,,,,,,
1107,1/8/2025,,,,,,,
1108,1/9/2025,,,,,,,
1109,1/10/2025,,,,,,,
1110,1/11/2025,,,,,,,
1111,1/12/2025,,,,,,,
1112,1/13/2025,,,,,,,
1113,1/14/2025,,,,,,,
1114,1/15/2025,,,,,,,
1115,1/16/2025,,,,,,,
1116,1/17/2025,,,,,,,
1117,1/18/2025,,,,,,,
1118,1/19/2025,,,,,,,
1119,1/20/2025,,,,,,,
1120,1/21/2025,,,,,,,
1121,1/22/2025,,,,,,,
1122,1/23/2025,,,,,,,
1123,1/24/2025,,,,,,,
1124,1/25/2025,,,,,,,
1125,1/26/2025,,,,,,,
1126,1/27/2025,,,,,,,
1127,1/28/2025,,,,,,,
1128,1/29/2025,,,,,,,
1129,1/30/2025,,,,,,,
1130,1/31/2025,,,,,,,
1131,2/1/2025,NG-22,N1 Nadir,CRS2 Cygnus,,,,Launch
1132,2/2/2025,,,,,,,
1133,2/3/2025,,,,,,,
1134,2/4/2025,HTV-X2,N2 Nadir,HTV-X,,,,Relocate 1
1135,2/4/2025,NG-22,N1 Nadir,CRS2 Cygnus,,,,Dock
1136,2/4/2025,SpX-32,N2 Zenith,Cargo Dragon,,,,Undock
1137,2/5/2025,HTV-X2,N2 Nadir,HTV-X,,,,Undock
1138,2/6/2025,USCV-10,N2 Zenith,USCV,,,,Launch
1139,2/7/2025,USCV-10,N2 Zenith,USCV,,,,Dock
1140,2/8/2025,,,,,,,
1141,2/9/2025,,,,,,,
1142,2/10/2025,,,,,,,
1143,2/11/2025,,,,,,,
1144,2/12/2025,,,,,,,
1145,2/13/2025,USCV-9,N2 Fwd / PMA-2,USCV,,,,Undock
1146,2/14/2025,,,,,,,
1147,2/15/2025,,,,,,,
1148,2/16/2025,,,,,,,
1149,2/17/2025,,,,,,,
1150,2/18/2025,,,,,,,
1151,2/19/2025,,,,,,,
1152,2/20/2025,,,,,,,
1153,2/21/2025,,,,,,,
1154,2/22/2025,89Progress,SM-Aft,Progress,,,,Undock
1155,2/23/2025,,,,,,,
1156,2/24/2025,91Progress,SM-Aft,Progress,,,,Launch
1157,2/25/2025,,,,,,,
1158,2/26/2025,91Progress,SM-Aft,Progress,,,,Dock
1159,2/27/2025,,,,,,,
1160,2/28/2025,,,,,,,
1161,3/1/2025,,,,,,,
1162,3/2/2025,,,,,,,
1163,3/3/2025,,,,,,,
1164,3/4/2025,,,,,,,
1165,3/5/2025,,,,,,,
1166,3/6/2025,,,,,,,
1167,3/7/2025,,,,,,,
1168,3/8/2025,,,,,,,
1169,3/9/2025,,,,,,,
1170,3/10/2025,,,,,,,
1171,3/11/2025,,,,,,,
1172,3/12/2025,,,,,,,
1173,3/13/2025,,,,,,,
1174,3/14/2025,,,,,,,
1175,3/15/2025,73Soyuz,NM,Soyuz,,,,Dock
1176,3/16/2025,,,,,,,
1177,3/17/2025,,,,,,,
1178,3/18/2025,,,,,,,
1179,3/19/2025,,,,,,,
1180,3/20/2025,,,,,,,
1181,3/21/2025,,,,,,,
1182,3/22/2025,,,,,,,
1183,3/23/2025,,,,,,,
1184,3/24/2025,,,,,,,
1185,3/25/2025,72Soyuz,MRM1 / FGB Nadir,Soyuz,,,,Undock
1186,3/26/2025,,,,,,,
1187,3/27/2025,,,,,,,
1188,3/28/2025,,,,,,,
1189,3/29/2025,,,,,,,
1190,3/30/2025,,,,,,,
1191,3/31/2025,,,,,,,
1192,4/1/2025,,,,,,,
1193,4/2/2025,,,,,,,
1194,4/3/2025,,,,,,,
1195,4/4/2025,,,,,,,
1196,4/5/2025,,,,,,,
1197,4/6/2025,,,,,,,
1198,4/7/2025,,,,,,,
1199,4/8/2025,,,,,,,
1200,4/9/2025,,,,,,,
1201,4/10/2025,,,,,,,
1202,4/11/2025,,,,,,,
1203,4/12/2025,,,,,,,
1204,4/13/2025,,,,,,,
1205,4/14/2025,,,,,,,
1206,4/15/2025,,,,,,,
1207,4/16/2025,,,,,,,
1208,4/17/2025,,,,,,,
1209,4/18/2025,,,,,,,
1210,4/19/2025,,,,,,,
1211,4/20/2025,,,,,,,
1212,4/21/2025,,,,,,,
1213,4/22/2025,,,,,,,
1214,4/23/2025,,,,,,,
1215,4/24/2025,,,,,,,
1216,4/25/2025,,,,,,,
1217,4/26/2025,,,,,,,
1218,4/27/2025,,,,,,,
1219,4/28/2025,,,,,,,
1220,4/29/2025,,,,,,,
1221,4/30/2025,,,,,,,
1222,5/1/2025,,,,,,,
1223,5/2/2025,,,,,,,
1224,5/3/2025,,,,,,,
1225,5/4/2025,,,,,,,
1226,5/5/2025,,,,,,,
1227,5/6/2025,,,,,,,
1228,5/7/2025,,,,,,,
1229,5/8/2025,,,,,,,
1230,5/9/2025,,,,,,,
1231,5/10/2025,,,,,,,
1232,5/11/2025,,,,,,,
1233,5/12/2025,,,,,,,
1234,5/13/2025,,,,,,,
1235,5/14/2025,,,,,,,
1236,5/15/2025,PAM-6,N2 Fwd / PMA-2,PAM,,,,Launch
1237,5/16/2025,DCC-3,N2 Nadir,Dream Chaser,,,,Launch
1238,5/16/2025,PAM-6,N2 Fwd / PMA-2,PAM,,,,Dock
1239,5/17/2025,,,,,,,
1240,5/18/2025,,,,,,,
1241,5/19/2025,,,,,,,
1242,5/20/2025,DCC-3,N2 Nadir,Dream Chaser,,,,Dock
1243,5/21/2025,,,,,,,
1244,5/22/2025,,,,,,,
1245,5/23/2025,,,,,,,
1246,5/24/2025,,,,,,,
1247,5/25/2025,,,,,,,
1248,5/26/2025,,,,,,,
1249,5/27/2025,,,,,,,
1250,5/28/2025,,,,,,,
1251,5/29/2025,,,,,,,
1252,5/30/2025,PAM-6,N2 Fwd / PMA-2,PAM,,,,Undock
1253,5/31/2025,,,,,,,
1254,6/1/2025,,,,,,,
1255,6/2/2025,,,,,,,
1256,6/3/2025,,,,,,,
1257,6/4/2025,NG-22,N1 Nadir,CRS2 Cygnus,,,,Undock
1258,6/5/2025,,,,,,,
1259,6/6/2025,,,,,,,
1260,6/7/2025,,,,,,,
1261,6/8/2025,,,,,,,
1262,6/9/2025,,,,,,,
1263,6/10/2025,,,,,,,
1264,6/11/2025,,,,,,,
1265,6/12/2025,90Progress,MRM2 / SM Zenith,Progress,,,,Undock
1266,6/13/2025,,,,,,,
1267,6/14/2025,92Progress,MRM2 / SM Zenith,Progress,,,,Launch
1268,6/15/2025,,,,,,,
1269,6/16/2025,92Progress,MRM2 / SM Zenith,Progress,,,,Dock
1270,6/17/2025,,,,,,,
1271,6/18/2025,,,,,,,
1272,6/19/2025,,,,,,,
1273,6/20/2025,,,,,,,
1274,6/21/2025,,,,,,,
1275,6/22/2025,,,,,,,
1276,6/23/2025,,,,,,,
1277,6/24/2025,,,,,,,
1278,6/25/2025,,,,,,,
1279,6/26/2025,,,,,,,
1280,6/27/2025,,,,,,,
1281,6/28/2025,,,,,,,
1282,6/29/2025,,,,,,,
1283,6/30/2025,,,,,,,
1284,7/1/2025,,,,,,,
1285,7/2/2025,,,,,,,
1286,7/3/2025,,,,,,,
1287,7/4/2025,,,,,,,
1288,7/5/2025,,,,,,,
1289,7/6/2025,,,,,,,
1290,7/7/2025,,,,,,,
1291,7/8/2025,,,,,,,
1292,7/9/2025,,,,,,,
1293,7/10/2025,,,,,,,
1294,7/11/2025,,,,,,,
1295,7/12/2025,,,,,,,
1296,7/13/2025,,,,,,,
1297,7/14/2025,,,,,,,
1298,7/15/2025,,,,,,,
1299,7/16/2025,,,,,,,
1300,7/17/2025,,,,,,,
1301,7/18/2025,,,,,,,
1302,7/19/2025,,,,,,,
1303,7/20/2025,,,,,,,
1304,7/21/2025,,,,,,,
1305,7/22/2025,,,,,,,
1306,7/23/2025,,,,,,,
1307,7/24/2025,,,,,,,
1308,7/25/2025,,,,,,,
1309,7/26/2025,,,,,,,
1310,7/27/2025,,,,,,,
1311,7/28/2025,,,,,,,
1312,7/29/2025,,,,,,,
1313,7/30/2025,,,,,,,
1314,7/31/2025,,,,,,,
1315,8/1/2025,NG-23,N1 Nadir,CRS2 Cygnus,,,,Launch
1316,8/2/2025,,,,,,,
1317,8/3/2025,DCC-3,N2 Nadir,Dream Chaser,,,,Undock
1318,8/3/2025,NG-23,N1 Nadir,CRS2 Cygnus,,,,Dock
1319,8/4/2025,USCV-11,N2 Fwd / PMA-2,USCV,,,,Launch
1320,8/5/2025,USCV-11,N2 Fwd / PMA-2,USCV,,,,Dock
1321,8/6/2025,,,,,,,
1322,8/7/2025,,,,,,,
1323,8/8/2025,,,,,,,
1324,8/9/2025,,,,,,,
1325,8/10/2025,,,,,,,
1326,8/11/2025,USCV-10,N2 Zenith,USCV,,,,Undock
1327,8/12/2025,,,,,,,
1328,8/13/2025,,,,,,,
1329,8/14/2025,,,,,,,
1330,8/15/2025,,,,,,,
1331,8/16/2025,,,,,,,
1332,8/17/2025,,,,,,,
1333,8/18/2025,,,,,,,
1334,8/19/2025,,,,,,,
1335,8/20/2025,,,,,,,
1336,8/21/2025,,,,,,,
1337,8/22/2025,,,,,,,
1338,8/23/2025,,,,,,,
1339,8/24/2025,,,,,,,
1340,8/25/2025,,,,,,,
1341,8/26/2025,,,,,,,
1342,8/27/2025,,,,,,,
1343,8/28/2025,,,,,,,
1344,8/29/2025,,,,,,,
1345,8/30/2025,91Progress,SM-Aft,Progress,,,,Undock
1346,8/31/2025,,,,,,,
1347,9/1/2025,93Progress,SM-Aft,Progress,,,,Launch
1348,9/2/2025,,,,,,,
1349,9/3/2025,93Progress,SM-Aft,Progress,,,,Dock
1350,9/4/2025,,,,,,,
1351,9/5/2025,,,,,,,
1352,9/6/2025,,,,,,,
1353,9/7/2025,,,,,,,
1354,9/8/2025,,,,,,,
1355,9/9/2025,,,,,,,
1356,9/10/2025,74Soyuz,MRM1 / FGB Nadir,Soyuz,,,,Dock
1357,9/11/2025,,,,,,,
1358,9/12/2025,,,,,,,
1359,9/13/2025,,,,,,,
1360,9/14/2025,,,,,,,
1361,9/15/2025,,,,,,,
1362,9/16/2025,,,,,,,
1363,9/17/2025,,,,,,,
1364,9/18/2025,,,,,,,
1365,9/19/2025,,,,,,,
1366,9/20/2025,73Soyuz,NM,Soyuz,,,,Undock
1367,9/21/2025,,,,,,,
1368,9/22/2025,,,,,,,
1369,9/23/2025,,,,,,,
1370,9/24/2025,,,,,,,
1371,9/25/2025,,,,,,,
1372,9/26/2025,,,,,,,
1373,9/27/2025,,,,,,,
1374,9/28/2025,,,,,,,
1375,9/29/2025,,,,,,,
1376,9/30/2025,NG-23,N1 Nadir,CRS2 Cygnus,,,,Undock
1377,10/1/2025,CRS 2-24,N2 Nadir,CRS2,,,,Launch
1378,10/2/2025,,,,,,,
1379,10/3/2025,,,,,,,
1380,10/4/2025,,,,,,,
1381,10/5/2025,CRS 2-24,N2 Nadir,CRS2,,,,Dock
1382,10/6/2025,,,,,,,
1383,10/7/2025,,,,,,,
1384,10/8/2025,,,,,,,
1385,10/9/2025,,,,,,,
1386,10/10/2025,,,,,,,
1387,10/11/2025,,,,,,,
1388,10/12/2025,,,,,,,
1389,10/13/2025,,,,,,,
1390,10/14/2025,,,,,,,
1391,10/15/2025,,,,,,,
1392,10/16/2025,,,,,,,
1393,10/17/2025,,,,,,,
1394,10/18/2025,,,,,,,
1395,10/19/2025,,,,,,,
1396,10/20/2025,,,,,,,
1397,10/21/2025,,,,,,,
1398,10/22/2025,,,,,,,
1399,10/23/2025,,,,,,,
1400,10/24/2025,,,,,,,
1401,10/25/2025,,,,,,,
1402,10/26/2025,,,,,,,
1403,10/27/2025,,,,,,,
1404,10/28/2025,,,,,,,
1405,10/29/2025,,,,,,,
1406,10/30/2025,,,,,,,
1407,10/31/2025,,,,,,,
1408,11/1/2025,NG-24,N1 Nadir,CRS2 Cygnus,,,,Launch
1409,11/2/2025,NG-24,N1 Nadir,CRS2 Cygnus,,,,Dock
1410,11/3/2025,,,,,,,
1411,11/4/2025,,,,,,,
1412,11/5/2025,,,,,,,
1413,11/6/2025,,,,,,,
1414,11/7/2025,,,,,,,
1415,11/8/2025,,,,,,,
1416,11/9/2025,,,,,,,
1417,11/10/2025,,,,,,,
1418,11/11/2025,,,,,,,
1419,11/12/2025,,,,,,,
1420,11/13/2025,,,,,,,
1421,11/14/2025,,,,,,,
1422,11/15/2025,,,,,,,
1423,11/16/2025,,,,,,,
1424,11/17/2025,,,,,,,
1425,11/18/2025,,,,,,,
1426,11/19/2025,,,,,,,
1427,11/20/2025,,,,,,,
1428,11/21/2025,,,,,,,
1429,11/22/2025,,,,,,,
1430,11/23/2025,,,,,,,
1431,11/24/2025,,,,,,,
1432,11/25/2025,,,,,,,
1433,11/26/2025,PAM-7,N2 Zenith,PAM,,,,Launch
1434,11/27/2025,PAM-7,N2 Zenith,PAM,,,,Dock
1435,11/28/2025,,,,,,,
1436,11/29/2025,,,,,,,
1437,11/30/2025,,,,,,,
1438,12/1/2025,,,,,,,
1439,12/2/2025,,,,,,,
1440,12/3/2025,,,,,,,
1441,12/4/2025,,,,,,,
1442,12/5/2025,,,,,,,
1443,12/6/2025,,,,,,,
1444,12/7/2025,,,,,,,
1445,12/8/2025,,,,,,,
1446,12/9/2025,,,,,,,
1447,12/10/2025,,,,,,,
1448,12/11/2025,PAM-7,N2 Zenith,PAM,,,,Undock
1449,12/12/2025,,,,,,,
1450,12/13/2025,,,,,,,
1451,12/14/2025,,,,,,,
1452,12/15/2025,,,,,,,
1453,12/16/2025,,,,,,,
1454,12/17/2025,,,,,,,
1455,12/18/2025,92Progress,MRM2 / SM Zenith,Progress,,,,Undock
1456,12/19/2025,CRS 2-24,N2 Nadir,CRS2,,,,Undock
1457,12/20/2025,94Progress,MRM2 / SM Zenith,Progress,,,,Launch
1458,12/21/2025,,,,,,,
1459,12/22/2025,94Progress,MRM2 / SM Zenith,Progress,,,,Dock
1460,12/23/2025,,,,,,,
1461,12/24/2025,,,,,,,
1462,12/25/2025,,,,,,,
1463,12/26/2025,,,,,,,
1464,12/27/2025,,,,,,,
1465,12/28/2025,,,,,,,
1466,12/29/2025,,,,,,,
1467,12/30/2025,,,,,,,
1468,12/31/2025,,,,,,,
